ProductID,Name,ProductNumber,Color,ListPrice,StandardCost,ProductCategory,ProductSubcategory
1,Adjustable Race,AR-5381,,0.0,0.0,,
2,Bearing Ball,BA-8327,,0.0,0.0,,
3,BB Ball Bearing,BE-2349,,0.0,0.0,,
4,Headset Ball Bearings,BE-2908,,0.0,0.0,,
316,Blade,BL-2036,,0.0,0.0,,
317,LL Crankarm,CA-5965,Black,0.0,0.0,,
318,ML Crankarm,CA-6738,Black,0.0,0.0,,
319,HL Crankarm,CA-7457,Black,0.0,0.0,,
320,Chainring Bolts,CB-2903,Silver,0.0,0.0,,
321,Chainring Nut,CN-6137,Silver,0.0,0.0,,
322,Chainring,CR-7833,Black,0.0,0.0,,
323,Crown Race,CR-9981,,0.0,0.0,,
324,Chain Stays,CS-2812,,0.0,0.0,,
325,Decal 1,DC-8732,,0.0,0.0,,
326,Decal 2,DC-9824,,0.0,0.0,,
327,Down Tube,DT-2377,,0.0,0.0,,
328,Mountain End Caps,EC-M092,,0.0,0.0,,
329,Road End Caps,EC-R098,,0.0,0.0,,
330,Touring End Caps,EC-T209,,0.0,0.0,,
331,Fork End,FE-3760,,0.0,0.0,,
332,Freewheel,FH-2981,Silver,0.0,0.0,,
341,Flat Washer 1,FW-1000,,0.0,0.0,,
342,Flat Washer 6,FW-1200,,0.0,0.0,,
343,Flat Washer 2,FW-1400,,0.0,0.0,,
344,Flat Washer 9,FW-3400,,0.0,0.0,,
345,Flat Washer 4,FW-3800,,0.0,0.0,,
346,Flat Washer 3,FW-5160,,0.0,0.0,,
347,Flat Washer 8,FW-5800,,0.0,0.0,,
348,Flat Washer 5,FW-7160,,0.0,0.0,,
349,Flat Washer 7,FW-9160,,0.0,0.0,,
350,Fork Crown,FC-3654,,0.0,0.0,,
351,Front Derailleur Cage,FC-3982,Silver,0.0,0.0,,
352,Front Derailleur Linkage,FL-2301,Silver,0.0,0.0,,
355,Guide Pulley,GP-0982,,0.0,0.0,,
356,LL Grip Tape,GT-0820,,0.0,0.0,,
357,ML Grip Tape,GT-1209,,0.0,0.0,,
358,HL Grip Tape,GT-2908,,0.0,0.0,,
359,Thin-Jam Hex Nut 9,HJ-1213,,0.0,0.0,,
360,Thin-Jam Hex Nut 10,HJ-1220,,0.0,0.0,,
361,Thin-Jam Hex Nut 1,HJ-1420,,0.0,0.0,,
362,Thin-Jam Hex Nut 2,HJ-1428,,0.0,0.0,,
363,Thin-Jam Hex Nut 15,HJ-3410,,0.0,0.0,,
364,Thin-Jam Hex Nut 16,HJ-3416,,0.0,0.0,,
365,Thin-Jam Hex Nut 5,HJ-3816,,0.0,0.0,,
366,Thin-Jam Hex Nut 6,HJ-3824,,0.0,0.0,,
367,Thin-Jam Hex Nut 3,HJ-5161,,0.0,0.0,,
368,Thin-Jam Hex Nut 4,HJ-5162,,0.0,0.0,,
369,Thin-Jam Hex Nut 13,HJ-5811,,0.0,0.0,,
370,Thin-Jam Hex Nut 14,HJ-5818,,0.0,0.0,,
371,Thin-Jam Hex Nut 7,HJ-7161,,0.0,0.0,,
372,Thin-Jam Hex Nut 8,HJ-7162,,0.0,0.0,,
373,Thin-Jam Hex Nut 12,HJ-9080,,0.0,0.0,,
374,Thin-Jam Hex Nut 11,HJ-9161,,0.0,0.0,,
375,Hex Nut 5,HN-1024,,0.0,0.0,,
376,Hex Nut 6,HN-1032,,0.0,0.0,,
377,Hex Nut 16,HN-1213,,0.0,0.0,,
378,Hex Nut 17,HN-1220,,0.0,0.0,,
379,Hex Nut 7,HN-1224,,0.0,0.0,,
380,Hex Nut 8,HN-1420,,0.0,0.0,,
381,Hex Nut 9,HN-1428,,0.0,0.0,,
382,Hex Nut 22,HN-3410,,0.0,0.0,,
383,Hex Nut 23,HN-3416,,0.0,0.0,,
384,Hex Nut 12,HN-3816,,0.0,0.0,,
385,Hex Nut 13,HN-3824,,0.0,0.0,,
386,Hex Nut 1,HN-4402,,0.0,0.0,,
387,Hex Nut 10,HN-5161,,0.0,0.0,,
388,Hex Nut 11,HN-5162,,0.0,0.0,,
389,Hex Nut 2,HN-5400,,0.0,0.0,,
390,Hex Nut 20,HN-5811,,0.0,0.0,,
391,Hex Nut 21,HN-5818,,0.0,0.0,,
392,Hex Nut 3,HN-6320,,0.0,0.0,,
393,Hex Nut 14,HN-7161,,0.0,0.0,,
394,Hex Nut 15,HN-7162,,0.0,0.0,,
395,Hex Nut 4,HN-8320,,0.0,0.0,,
396,Hex Nut 18,HN-9161,,0.0,0.0,,
397,Hex Nut 19,HN-9168,,0.0,0.0,,
398,Handlebar Tube,HT-2981,,0.0,0.0,,
399,Head Tube,HT-8019,,0.0,0.0,,
400,LL Hub,HU-6280,,0.0,0.0,,
401,HL Hub,HU-8998,,0.0,0.0,,
402,Keyed Washer,KW-4091,,0.0,0.0,,
403,External Lock Washer 3,LE-1000,,0.0,0.0,,
404,External Lock Washer 4,LE-1200,,0.0,0.0,,
405,External Lock Washer 9,LE-1201,,0.0,0.0,,
406,External Lock Washer 5,LE-1400,,0.0,0.0,,
407,External Lock Washer 7,LE-3800,,0.0,0.0,,
408,External Lock Washer 6,LE-5160,,0.0,0.0,,
409,External Lock Washer 1,LE-6000,,0.0,0.0,,
410,External Lock Washer 8,LE-7160,,0.0,0.0,,
411,External Lock Washer 2,LE-8000,,0.0,0.0,,
412,Internal Lock Washer 3,LI-1000,,0.0,0.0,,
413,Internal Lock Washer 4,LI-1200,,0.0,0.0,,
414,Internal Lock Washer 9,LI-1201,,0.0,0.0,,
415,Internal Lock Washer 5,LI-1400,,0.0,0.0,,
416,Internal Lock Washer 7,LI-3800,,0.0,0.0,,
417,Internal Lock Washer 6,LI-5160,,0.0,0.0,,
418,Internal Lock Washer 10,LI-5800,,0.0,0.0,,
419,Internal Lock Washer 1,LI-6000,,0.0,0.0,,
420,Internal Lock Washer 8,LI-7160,,0.0,0.0,,
421,Internal Lock Washer 2,LI-8000,,0.0,0.0,,
422,Thin-Jam Lock Nut 9,LJ-1213,,0.0,0.0,,
423,Thin-Jam Lock Nut 10,LJ-1220,,0.0,0.0,,
424,Thin-Jam Lock Nut 1,LJ-1420,,0.0,0.0,,
425,Thin-Jam Lock Nut 2,LJ-1428,,0.0,0.0,,
426,Thin-Jam Lock Nut 15,LJ-3410,,0.0,0.0,,
427,Thin-Jam Lock Nut 16,LJ-3416,,0.0,0.0,,
428,Thin-Jam Lock Nut 5,LJ-3816,,0.0,0.0,,
429,Thin-Jam Lock Nut 6,LJ-3824,,0.0,0.0,,
430,Thin-Jam Lock Nut 3,LJ-5161,,0.0,0.0,,
431,Thin-Jam Lock Nut 4,LJ-5162,,0.0,0.0,,
432,Thin-Jam Lock Nut 13,LJ-5811,,0.0,0.0,,
433,Thin-Jam Lock Nut 14,LJ-5818,,0.0,0.0,,
434,Thin-Jam Lock Nut 7,LJ-7161,,0.0,0.0,,
435,Thin-Jam Lock Nut 8,LJ-7162,,0.0,0.0,,
436,Thin-Jam Lock Nut 12,LJ-9080,,0.0,0.0,,
437,Thin-Jam Lock Nut 11,LJ-9161,,0.0,0.0,,
438,Lock Nut 5,LN-1024,,0.0,0.0,,
439,Lock Nut 6,LN-1032,,0.0,0.0,,
440,Lock Nut 16,LN-1213,,0.0,0.0,,
441,Lock Nut 17,LN-1220,,0.0,0.0,,
442,Lock Nut 7,LN-1224,,0.0,0.0,,
443,Lock Nut 8,LN-1420,,0.0,0.0,,
444,Lock Nut 9,LN-1428,,0.0,0.0,,
445,Lock Nut 22,LN-3410,,0.0,0.0,,
446,Lock Nut 23,LN-3416,,0.0,0.0,,
447,Lock Nut 12,LN-3816,,0.0,0.0,,
448,Lock Nut 13,LN-3824,,0.0,0.0,,
449,Lock Nut 1,LN-4400,,0.0,0.0,,
450,Lock Nut 10,LN-5161,,0.0,0.0,,
451,Lock Nut 11,LN-5162,,0.0,0.0,,
452,Lock Nut 2,LN-5400,,0.0,0.0,,
453,Lock Nut 20,LN-5811,,0.0,0.0,,
454,Lock Nut 21,LN-5818,,0.0,0.0,,
455,Lock Nut 3,LN-6320,,0.0,0.0,,
456,Lock Nut 14,LN-7161,,0.0,0.0,,
457,Lock Nut 15,LN-7162,,0.0,0.0,,
458,Lock Nut 4,LN-8320,,0.0,0.0,,
459,Lock Nut 19,LN-9080,,0.0,0.0,,
460,Lock Nut 18,LN-9161,,0.0,0.0,,
461,Lock Ring,LR-2398,Silver,0.0,0.0,,
462,Lower Head Race,LR-8520,,0.0,0.0,,
463,Lock Washer 4,LW-1000,,0.0,0.0,,
464,Lock Washer 5,LW-1200,,0.0,0.0,,
465,Lock Washer 10,LW-1201,,0.0,0.0,,
466,Lock Washer 6,LW-1400,,0.0,0.0,,
467,Lock Washer 13,LW-3400,,0.0,0.0,,
468,Lock Washer 8,LW-3800,,0.0,0.0,,
469,Lock Washer 1,LW-4000,,0.0,0.0,,
470,Lock Washer 7,LW-5160,,0.0,0.0,,
471,Lock Washer 12,LW-5800,,0.0,0.0,,
472,Lock Washer 2,LW-6000,,0.0,0.0,,
473,Lock Washer 9,LW-7160,,0.0,0.0,,
474,Lock Washer 3,LW-8000,,0.0,0.0,,
475,Lock Washer 11,LW-9160,,0.0,0.0,,
476,Metal Angle,MA-7075,,0.0,0.0,,
477,Metal Bar 1,MB-2024,,0.0,0.0,,
478,Metal Bar 2,MB-6061,,0.0,0.0,,
479,Metal Plate 2,MP-2066,,0.0,0.0,,
480,Metal Plate 1,MP-2503,,0.0,0.0,,
481,Metal Plate 3,MP-4960,,0.0,0.0,,
482,Metal Sheet 2,MS-0253,,0.0,0.0,,
483,Metal Sheet 3,MS-1256,,0.0,0.0,,
484,Metal Sheet 7,MS-1981,,0.0,0.0,,
485,Metal Sheet 4,MS-2259,,0.0,0.0,,
486,Metal Sheet 5,MS-2341,,0.0,0.0,,
487,Metal Sheet 6,MS-2348,,0.0,0.0,,
488,Metal Sheet 1,MS-6061,,0.0,0.0,,
489,Metal Tread Plate,MT-1000,,0.0,0.0,,
490,LL Nipple,NI-4127,,0.0,0.0,,
491,HL Nipple,NI-9522,,0.0,0.0,,
492,Paint - Black,PA-187B,,0.0,0.0,,
493,Paint - Red,PA-361R,,0.0,0.0,,
494,Paint - Silver,PA-529S,,0.0,0.0,,
495,Paint - Blue,PA-632U,,0.0,0.0,,
496,Paint - Yellow,PA-823Y,,0.0,0.0,,
497,Pinch Bolt,PB-6109,,0.0,0.0,,
504,Cup-Shaped Race,RA-2345,,0.0,0.0,,
505,Cone-Shaped Race,RA-7490,,0.0,0.0,,
506,Reflector,RF-9198,,0.0,0.0,,
507,LL Mountain Rim,RM-M464,,0.0,0.0,,
508,ML Mountain Rim,RM-M692,,0.0,0.0,,
509,HL Mountain Rim,RM-M823,,0.0,0.0,,
510,LL Road Rim,RM-R436,,0.0,0.0,,
511,ML Road Rim,RM-R600,,0.0,0.0,,
512,HL Road Rim,RM-R800,,0.0,0.0,,
513,Touring Rim,RM-T801,,0.0,0.0,,
514,LL Mountain Seat Assembly,SA-M198,,133.34,98.77,,
515,ML Mountain Seat Assembly,SA-M237,,147.14,108.99,,
516,HL Mountain Seat Assembly,SA-M687,,196.92,145.87,,
517,LL Road Seat Assembly,SA-R127,,133.34,98.77,,
518,ML Road Seat Assembly,SA-R430,,147.14,108.99,,
519,HL Road Seat Assembly,SA-R522,,196.92,145.87,,
520,LL Touring Seat Assembly,SA-T467,,133.34,98.77,,
521,ML Touring Seat Assembly,SA-T612,,147.14,108.99,,
522,HL Touring Seat Assembly,SA-T872,,196.92,145.87,,
523,LL Spindle/Axle,SD-2342,,0.0,0.0,,
524,HL Spindle/Axle,SD-9872,,0.0,0.0,,
525,LL Shell,SH-4562,,0.0,0.0,,
526,HL Shell,SH-9312,,0.0,0.0,,
527,Spokes,SK-9283,,0.0,0.0,,
528,Seat Lug,SL-0931,,0.0,0.0,,
529,Stem,SM-9087,,0.0,0.0,,
530,Seat Post,SP-2981,,0.0,0.0,,
531,Steerer,SR-2098,,0.0,0.0,,
532,Seat Stays,SS-2985,,0.0,0.0,,
533,Seat Tube,ST-9828,,0.0,0.0,,
534,Top Tube,TO-2301,,0.0,0.0,,
535,Tension Pulley,TP-0923,,0.0,0.0,,
679,Rear Derailleur Cage,RC-0291,Silver,0.0,0.0,,
680,"HL Road Frame - Black, 58",FR-R92B-58,Black,1431.5,1059.31,Components,Road Frames
706,"HL Road Frame - Red, 58",FR-R92R-58,Red,1431.5,1059.31,Components,Road Frames
707,"Sport-100 Helmet, Red",HL-U509-R,Red,34.99,13.0863,Accessories,Helmets
708,"Sport-100 Helmet, Black",HL-U509,Black,34.99,13.0863,Accessories,Helmets
709,"Mountain Bike Socks, M",SO-B909-M,White,9.5,3.3963,Clothing,Socks
710,"Mountain Bike Socks, L",SO-B909-L,White,9.5,3.3963,Clothing,Socks
711,"Sport-100 Helmet, Blue",HL-U509-B,Blue,34.99,13.0863,Accessories,Helmets
712,AWC Logo Cap,CA-1098,Multi,8.99,6.9223,Clothing,Caps
713,"Long-Sleeve Logo Jersey, S",LJ-0192-S,Multi,49.99,38.4923,Clothing,Jerseys
714,"Long-Sleeve Logo Jersey, M",LJ-0192-M,Multi,49.99,38.4923,Clothing,Jerseys
715,"Long-Sleeve Logo Jersey, L",LJ-0192-L,Multi,49.99,38.4923,Clothing,Jerseys
716,"Long-Sleeve Logo Jersey, XL",LJ-0192-X,Multi,49.99,38.4923,Clothing,Jerseys
717,"HL Road Frame - Red, 62",FR-R92R-62,Red,1431.5,868.6342,Components,Road Frames
718,"HL Road Frame - Red, 44",FR-R92R-44,Red,1431.5,868.6342,Components,Road Frames
719,"HL Road Frame - Red, 48",FR-R92R-48,Red,1431.5,868.6342,Components,Road Frames
720,"HL Road Frame - Red, 52",FR-R92R-52,Red,1431.5,868.6342,Components,Road Frames
721,"HL Road Frame - Red, 56",FR-R92R-56,Red,1431.5,868.6342,Components,Road Frames
722,"LL Road Frame - Black, 58",FR-R38B-58,Black,337.22,204.6251,Components,Road Frames
723,"LL Road Frame - Black, 60",FR-R38B-60,Black,337.22,204.6251,Components,Road Frames
724,"LL Road Frame - Black, 62",FR-R38B-62,Black,337.22,204.6251,Components,Road Frames
725,"LL Road Frame - Red, 44",FR-R38R-44,Red,337.22,187.1571,Components,Road Frames
726,"LL Road Frame - Red, 48",FR-R38R-48,Red,337.22,187.1571,Components,Road Frames
727,"LL Road Frame - Red, 52",FR-R38R-52,Red,337.22,187.1571,Components,Road Frames
728,"LL Road Frame - Red, 58",FR-R38R-58,Red,337.22,187.1571,Components,Road Frames
729,"LL Road Frame - Red, 60",FR-R38R-60,Red,337.22,187.1571,Components,Road Frames
730,"LL Road Frame - Red, 62",FR-R38R-62,Red,337.22,187.1571,Components,Road Frames
731,"ML Road Frame - Red, 44",FR-R72R-44,Red,594.83,352.1394,Components,Road Frames
732,"ML Road Frame - Red, 48",FR-R72R-48,Red,594.83,352.1394,Components,Road Frames
733,"ML Road Frame - Red, 52",FR-R72R-52,Red,594.83,352.1394,Components,Road Frames
734,"ML Road Frame - Red, 58",FR-R72R-58,Red,594.83,352.1394,Components,Road Frames
735,"ML Road Frame - Red, 60",FR-R72R-60,Red,594.83,352.1394,Components,Road Frames
736,"LL Road Frame - Black, 44",FR-R38B-44,Black,337.22,204.6251,Components,Road Frames
737,"LL Road Frame - Black, 48",FR-R38B-48,Black,337.22,204.6251,Components,Road Frames
738,"LL Road Frame - Black, 52",FR-R38B-52,Black,337.22,204.6251,Components,Road Frames
739,"HL Mountain Frame - Silver, 42",FR-M94S-42,Silver,1364.5,747.2002,Components,Mountain Frames
740,"HL Mountain Frame - Silver, 44",FR-M94S-44,Silver,1364.5,706.811,Components,Mountain Frames
741,"HL Mountain Frame - Silver, 48",FR-M94S-52,Silver,1364.5,706.811,Components,Mountain Frames
742,"HL Mountain Frame - Silver, 46",FR-M94S-46,Silver,1364.5,747.2002,Components,Mountain Frames
743,"HL Mountain Frame - Black, 42",FR-M94B-42,Black,1349.6,739.041,Components,Mountain Frames
744,"HL Mountain Frame - Black, 44",FR-M94B-44,Black,1349.6,699.0928,Components,Mountain Frames
745,"HL Mountain Frame - Black, 48",FR-M94B-48,Black,1349.6,699.0928,Components,Mountain Frames
746,"HL Mountain Frame - Black, 46",FR-M94B-46,Black,1349.6,739.041,Components,Mountain Frames
747,"HL Mountain Frame - Black, 38",FR-M94B-38,Black,1349.6,739.041,Components,Mountain Frames
748,"HL Mountain Frame - Silver, 38",FR-M94S-38,Silver,1364.5,747.2002,Components,Mountain Frames
749,"Road-150 Red, 62",BK-R93R-62,Red,3578.27,2171.2942,Bikes,Road Bikes
750,"Road-150 Red, 44",BK-R93R-44,Red,3578.27,2171.2942,Bikes,Road Bikes
751,"Road-150 Red, 48",BK-R93R-48,Red,3578.27,2171.2942,Bikes,Road Bikes
752,"Road-150 Red, 52",BK-R93R-52,Red,3578.27,2171.2942,Bikes,Road Bikes
753,"Road-150 Red, 56",BK-R93R-56,Red,3578.27,2171.2942,Bikes,Road Bikes
754,"Road-450 Red, 58",BK-R68R-58,Red,1457.99,884.7083,Bikes,Road Bikes
755,"Road-450 Red, 60",BK-R68R-60,Red,1457.99,884.7083,Bikes,Road Bikes
756,"Road-450 Red, 44",BK-R68R-44,Red,1457.99,884.7083,Bikes,Road Bikes
757,"Road-450 Red, 48",BK-R68R-48,Red,1457.99,884.7083,Bikes,Road Bikes
758,"Road-450 Red, 52",BK-R68R-52,Red,1457.99,884.7083,Bikes,Road Bikes
759,"Road-650 Red, 58",BK-R50R-58,Red,782.99,486.7066,Bikes,Road Bikes
760,"Road-650 Red, 60",BK-R50R-60,Red,782.99,486.7066,Bikes,Road Bikes
761,"Road-650 Red, 62",BK-R50R-62,Red,782.99,486.7066,Bikes,Road Bikes
762,"Road-650 Red, 44",BK-R50R-44,Red,782.99,486.7066,Bikes,Road Bikes
763,"Road-650 Red, 48",BK-R50R-48,Red,782.99,486.7066,Bikes,Road Bikes
764,"Road-650 Red, 52",BK-R50R-52,Red,782.99,486.7066,Bikes,Road Bikes
765,"Road-650 Black, 58",BK-R50B-58,Black,782.99,486.7066,Bikes,Road Bikes
766,"Road-650 Black, 60",BK-R50B-60,Black,782.99,486.7066,Bikes,Road Bikes
767,"Road-650 Black, 62",BK-R50B-62,Black,782.99,486.7066,Bikes,Road Bikes
768,"Road-650 Black, 44",BK-R50B-44,Black,782.99,486.7066,Bikes,Road Bikes
769,"Road-650 Black, 48",BK-R50B-48,Black,782.99,486.7066,Bikes,Road Bikes
770,"Road-650 Black, 52",BK-R50B-52,Black,782.99,486.7066,Bikes,Road Bikes
771,"Mountain-100 Silver, 38",BK-M82S-38,Silver,3399.99,1912.1544,Bikes,Mountain Bikes
772,"Mountain-100 Silver, 42",BK-M82S-42,Silver,3399.99,1912.1544,Bikes,Mountain Bikes
773,"Mountain-100 Silver, 44",BK-M82S-44,Silver,3399.99,1912.1544,Bikes,Mountain Bikes
774,"Mountain-100 Silver, 48",BK-M82S-48,Silver,3399.99,1912.1544,Bikes,Mountain Bikes
775,"Mountain-100 Black, 38",BK-M82B-38,Black,3374.99,1898.0944,Bikes,Mountain Bikes
776,"Mountain-100 Black, 42",BK-M82B-42,Black,3374.99,1898.0944,Bikes,Mountain Bikes
777,"Mountain-100 Black, 44",BK-M82B-44,Black,3374.99,1898.0944,Bikes,Mountain Bikes
778,"Mountain-100 Black, 48",BK-M82B-48,Black,3374.99,1898.0944,Bikes,Mountain Bikes
779,"Mountain-200 Silver, 38",BK-M68S-38,Silver,2319.99,1265.6195,Bikes,Mountain Bikes
780,"Mountain-200 Silver, 42",BK-M68S-42,Silver,2319.99,1265.6195,Bikes,Mountain Bikes
781,"Mountain-200 Silver, 46",BK-M68S-46,Silver,2319.99,1265.6195,Bikes,Mountain Bikes
782,"Mountain-200 Black, 38",BK-M68B-38,Black,2294.99,1251.9813,Bikes,Mountain Bikes
783,"Mountain-200 Black, 42",BK-M68B-42,Black,2294.99,1251.9813,Bikes,Mountain Bikes
784,"Mountain-200 Black, 46",BK-M68B-46,Black,2294.99,1251.9813,Bikes,Mountain Bikes
785,"Mountain-300 Black, 38",BK-M47B-38,Black,1079.99,598.4354,Bikes,Mountain Bikes
786,"Mountain-300 Black, 40",BK-M47B-40,Black,1079.99,598.4354,Bikes,Mountain Bikes
787,"Mountain-300 Black, 44",BK-M47B-44,Black,1079.99,598.4354,Bikes,Mountain Bikes
788,"Mountain-300 Black, 48",BK-M47B-48,Black,1079.99,598.4354,Bikes,Mountain Bikes
789,"Road-250 Red, 44",BK-R89R-44,Red,2443.35,1518.7864,Bikes,Road Bikes
790,"Road-250 Red, 48",BK-R89R-48,Red,2443.35,1518.7864,Bikes,Road Bikes
791,"Road-250 Red, 52",BK-R89R-52,Red,2443.35,1518.7864,Bikes,Road Bikes
792,"Road-250 Red, 58",BK-R89R-58,Red,2443.35,1554.9479,Bikes,Road Bikes
793,"Road-250 Black, 44",BK-R89B-44,Black,2443.35,1554.9479,Bikes,Road Bikes
794,"Road-250 Black, 48",BK-R89B-48,Black,2443.35,1554.9479,Bikes,Road Bikes
795,"Road-250 Black, 52",BK-R89B-52,Black,2443.35,1554.9479,Bikes,Road Bikes
796,"Road-250 Black, 58",BK-R89B-58,Black,2443.35,1554.9479,Bikes,Road Bikes
797,"Road-550-W Yellow, 38",BK-R64Y-38,Yellow,1120.49,713.0798,Bikes,Road Bikes
798,"Road-550-W Yellow, 40",BK-R64Y-40,Yellow,1120.49,713.0798,Bikes,Road Bikes
799,"Road-550-W Yellow, 42",BK-R64Y-42,Yellow,1120.49,713.0798,Bikes,Road Bikes
800,"Road-550-W Yellow, 44",BK-R64Y-44,Yellow,1120.49,713.0798,Bikes,Road Bikes
801,"Road-550-W Yellow, 48",BK-R64Y-48,Yellow,1120.49,713.0798,Bikes,Road Bikes
802,LL Fork,FK-1639,,148.22,65.8097,Components,Forks
803,ML Fork,FK-5136,,175.49,77.9176,Components,Forks
804,HL Fork,FK-9939,,229.49,101.8936,Components,Forks
805,LL Headset,HS-0296,,34.2,15.1848,Components,Headsets
806,ML Headset,HS-2451,,102.29,45.4168,Components,Headsets
807,HL Headset,HS-3479,,124.73,55.3801,Components,Headsets
808,LL Mountain Handlebars,HB-M243,,44.54,19.7758,Components,Handlebars
809,ML Mountain Handlebars,HB-M763,,61.92,27.4925,Components,Handlebars
810,HL Mountain Handlebars,HB-M918,,120.27,53.3999,Components,Handlebars
811,LL Road Handlebars,HB-R504,,44.54,19.7758,Components,Handlebars
812,ML Road Handlebars,HB-R720,,61.92,27.4925,Components,Handlebars
813,HL Road Handlebars,HB-R956,,120.27,53.3999,Components,Handlebars
814,"ML Mountain Frame - Black, 38",FR-M63B-38,Black,348.76,185.8193,Components,Mountain Frames
815,LL Mountain Front Wheel,FW-M423,Black,60.745,26.9708,Components,Wheels
816,ML Mountain Front Wheel,FW-M762,Black,209.025,92.8071,Components,Wheels
817,HL Mountain Front Wheel,FW-M928,Black,300.215,133.2955,Components,Wheels
818,LL Road Front Wheel,FW-R623,Black,85.565,37.9909,Components,Wheels
819,ML Road Front Wheel,FW-R762,Black,248.385,110.2829,Components,Wheels
820,HL Road Front Wheel,FW-R820,Black,330.06,146.5466,Components,Wheels
821,Touring Front Wheel,FW-T905,Black,218.01,96.7964,Components,Wheels
822,"ML Road Frame-W - Yellow, 38",FR-R72Y-38,Yellow,594.83,360.9428,Components,Road Frames
823,LL Mountain Rear Wheel,RW-M423,Black,87.745,38.9588,Components,Wheels
824,ML Mountain Rear Wheel,RW-M762,Black,236.025,104.7951,Components,Wheels
825,HL Mountain Rear Wheel,RW-M928,Black,327.215,145.2835,Components,Wheels
826,LL Road Rear Wheel,RW-R623,Black,112.565,49.9789,Components,Wheels
827,ML Road Rear Wheel,RW-R762,Black,275.385,122.2709,Components,Wheels
828,HL Road Rear Wheel,RW-R820,Black,357.06,158.5346,Components,Wheels
829,Touring Rear Wheel,RW-T905,Black,245.01,108.7844,Components,Wheels
830,"ML Mountain Frame - Black, 40",FR-M63B-40,Black,348.76,185.8193,Components,Mountain Frames
831,"ML Mountain Frame - Black, 44",FR-M63B-44,Black,348.76,185.8193,Components,Mountain Frames
832,"ML Mountain Frame - Black, 48",FR-M63B-48,Black,348.76,185.8193,Components,Mountain Frames
833,"ML Road Frame-W - Yellow, 40",FR-R72Y-40,Yellow,594.83,360.9428,Components,Road Frames
834,"ML Road Frame-W - Yellow, 42",FR-R72Y-42,Yellow,594.83,360.9428,Components,Road Frames
835,"ML Road Frame-W - Yellow, 44",FR-R72Y-44,Yellow,594.83,360.9428,Components,Road Frames
836,"ML Road Frame-W - Yellow, 48",FR-R72Y-48,Yellow,594.83,360.9428,Components,Road Frames
837,"HL Road Frame - Black, 62",FR-R92B-62,Black,1431.5,868.6342,Components,Road Frames
838,"HL Road Frame - Black, 44",FR-R92B-44,Black,1431.5,868.6342,Components,Road Frames
839,"HL Road Frame - Black, 48",FR-R92B-48,Black,1431.5,868.6342,Components,Road Frames
840,"HL Road Frame - Black, 52",FR-R92B-52,Black,1431.5,868.6342,Components,Road Frames
841,"Men's Sports Shorts, S",SH-M897-S,Black,59.99,24.7459,Clothing,Shorts
842,"Touring-Panniers, Large",PA-T100,Grey,125.0,51.5625,Accessories,Panniers
843,Cable Lock,LO-C100,,25.0,10.3125,Accessories,Locks
844,Minipump,PU-0452,,19.99,8.2459,Accessories,Pumps
845,Mountain Pump,PU-M044,,24.99,10.3084,Accessories,Pumps
846,Taillights - Battery-Powered,LT-T990,,13.99,5.7709,Accessories,Lights
847,Headlights - Dual-Beam,LT-H902,,34.99,14.4334,Accessories,Lights
848,Headlights - Weatherproof,LT-H903,,44.99,18.5584,Accessories,Lights
849,"Men's Sports Shorts, M",SH-M897-M,Black,59.99,24.7459,Clothing,Shorts
850,"Men's Sports Shorts, L",SH-M897-L,Black,59.99,24.7459,Clothing,Shorts
851,"Men's Sports Shorts, XL",SH-M897-X,Black,59.99,24.7459,Clothing,Shorts
852,"Women's Tights, S",TG-W091-S,Black,74.99,30.9334,Clothing,Tights
853,"Women's Tights, M",TG-W091-M,Black,74.99,30.9334,Clothing,Tights
854,"Women's Tights, L",TG-W091-L,Black,74.99,30.9334,Clothing,Tights
855,"Men's Bib-Shorts, S",SB-M891-S,Multi,89.99,37.1209,Clothing,Bib-Shorts
856,"Men's Bib-Shorts, M",SB-M891-M,Multi,89.99,37.1209,Clothing,Bib-Shorts
857,"Men's Bib-Shorts, L",SB-M891-L,Multi,89.99,37.1209,Clothing,Bib-Shorts
858,"Half-Finger Gloves, S",GL-H102-S,Black,24.49,9.1593,Clothing,Gloves
859,"Half-Finger Gloves, M",GL-H102-M,Black,24.49,9.1593,Clothing,Gloves
860,"Half-Finger Gloves, L",GL-H102-L,Black,24.49,9.1593,Clothing,Gloves
861,"Full-Finger Gloves, S",GL-F110-S,Black,37.99,15.6709,Clothing,Gloves
862,"Full-Finger Gloves, M",GL-F110-M,Black,37.99,15.6709,Clothing,Gloves
863,"Full-Finger Gloves, L",GL-F110-L,Black,37.99,15.6709,Clothing,Gloves
864,"Classic Vest, S",VE-C304-S,Blue,63.5,23.749,Clothing,Vests
865,"Classic Vest, M",VE-C304-M,Blue,63.5,23.749,Clothing,Vests
866,"Classic Vest, L",VE-C304-L,Blue,63.5,23.749,Clothing,Vests
867,"Women's Mountain Shorts, S",SH-W890-S,Black,69.99,26.1763,Clothing,Shorts
868,"Women's Mountain Shorts, M",SH-W890-M,Black,69.99,26.1763,Clothing,Shorts
869,"Women's Mountain Shorts, L",SH-W890-L,Black,69.99,26.1763,Clothing,Shorts
870,Water Bottle - 30 oz.,WB-H098,,4.99,1.8663,Accessories,Bottles and Cages
871,Mountain Bottle Cage,BC-M005,,9.99,3.7363,Accessories,Bottles and Cages
872,Road Bottle Cage,BC-R205,,8.99,3.3623,Accessories,Bottles and Cages
873,Patch Kit/8 Patches,PK-7098,,2.29,0.8565,Accessories,Tires and Tubes
874,"Racing Socks, M",SO-R809-M,White,8.99,3.3623,Clothing,Socks
875,"Racing Socks, L",SO-R809-L,White,8.99,3.3623,Clothing,Socks
876,Hitch Rack - 4-Bike,RA-H123,,120.0,44.88,Accessories,Bike Racks
877,Bike Wash - Dissolver,CL-9009,,7.95,2.9733,Accessories,Cleaners
878,Fender Set - Mountain,FE-6654,,21.98,8.2205,Accessories,Fenders
879,All-Purpose Bike Stand,ST-1401,,159.0,59.466,Accessories,Bike Stands
880,Hydration Pack - 70 oz.,HY-1023-70,Silver,54.99,20.5663,Accessories,Hydration Packs
881,"Short-Sleeve Classic Jersey, S",SJ-0194-S,Yellow,53.99,41.5723,Clothing,Jerseys
882,"Short-Sleeve Classic Jersey, M",SJ-0194-M,Yellow,53.99,41.5723,Clothing,Jerseys
883,"Short-Sleeve Classic Jersey, L",SJ-0194-L,Yellow,53.99,41.5723,Clothing,Jerseys
884,"Short-Sleeve Classic Jersey, XL",SJ-0194-X,Yellow,53.99,41.5723,Clothing,Jerseys
885,"HL Touring Frame - Yellow, 60",FR-T98Y-60,Yellow,1003.91,601.7437,Components,Touring Frames
886,"LL Touring Frame - Yellow, 62",FR-T67Y-62,Yellow,333.42,199.8519,Components,Touring Frames
887,"HL Touring Frame - Yellow, 46",FR-T98Y-46,Yellow,1003.91,601.7437,Components,Touring Frames
888,"HL Touring Frame - Yellow, 50",FR-T98Y-50,Yellow,1003.91,601.7437,Components,Touring Frames
889,"HL Touring Frame - Yellow, 54",FR-T98Y-54,Yellow,1003.91,601.7437,Components,Touring Frames
890,"HL Touring Frame - Blue, 46",FR-T98U-46,Blue,1003.91,601.7437,Components,Touring Frames
891,"HL Touring Frame - Blue, 50",FR-T98U-50,Blue,1003.91,601.7437,Components,Touring Frames
892,"HL Touring Frame - Blue, 54",FR-T98U-54,Blue,1003.91,601.7437,Components,Touring Frames
893,"HL Touring Frame - Blue, 60",FR-T98U-60,Blue,1003.91,601.7437,Components,Touring Frames
894,Rear Derailleur,RD-2308,Silver,121.46,53.9282,Components,Derailleurs
895,"LL Touring Frame - Blue, 50",FR-T67U-50,Blue,333.42,199.8519,Components,Touring Frames
896,"LL Touring Frame - Blue, 54",FR-T67U-54,Blue,333.42,199.8519,Components,Touring Frames
897,"LL Touring Frame - Blue, 58",FR-T67U-58,Blue,333.42,199.8519,Components,Touring Frames
898,"LL Touring Frame - Blue, 62",FR-T67U-62,Blue,333.42,199.8519,Components,Touring Frames
899,"LL Touring Frame - Yellow, 44",FR-T67Y-44,Yellow,333.42,199.8519,Components,Touring Frames
900,"LL Touring Frame - Yellow, 50",FR-T67Y-50,Yellow,333.42,199.8519,Components,Touring Frames
901,"LL Touring Frame - Yellow, 54",FR-T67Y-54,Yellow,333.42,199.8519,Components,Touring Frames
902,"LL Touring Frame - Yellow, 58",FR-T67Y-58,Yellow,333.42,199.8519,Components,Touring Frames
903,"LL Touring Frame - Blue, 44",FR-T67U-44,Blue,333.42,199.8519,Components,Touring Frames
904,"ML Mountain Frame-W - Silver, 40",FR-M63S-40,Silver,364.09,199.3757,Components,Mountain Frames
905,"ML Mountain Frame-W - Silver, 42",FR-M63S-42,Silver,364.09,199.3757,Components,Mountain Frames
906,"ML Mountain Frame-W - Silver, 46",FR-M63S-46,Silver,364.09,199.3757,Components,Mountain Frames
907,Rear Brakes,RB-9231,Silver,106.5,47.286,Components,Brakes
908,LL Mountain Seat/Saddle,SE-M236,,27.12,12.0413,Components,Saddles
909,ML Mountain Seat/Saddle,SE-M798,,39.14,17.3782,Components,Saddles
910,HL Mountain Seat/Saddle,SE-M940,,52.64,23.3722,Components,Saddles
911,LL Road Seat/Saddle,SE-R581,,27.12,12.0413,Components,Saddles
912,ML Road Seat/Saddle,SE-R908,,39.14,17.3782,Components,Saddles
913,HL Road Seat/Saddle,SE-R995,,52.64,23.3722,Components,Saddles
914,LL Touring Seat/Saddle,SE-T312,,27.12,12.0413,Components,Saddles
915,ML Touring Seat/Saddle,SE-T762,,39.14,17.3782,Components,Saddles
916,HL Touring Seat/Saddle,SE-T924,,52.64,23.3722,Components,Saddles
917,"LL Mountain Frame - Silver, 42",FR-M21S-42,Silver,264.05,144.5938,Components,Mountain Frames
918,"LL Mountain Frame - Silver, 44",FR-M21S-44,Silver,264.05,144.5938,Components,Mountain Frames
919,"LL Mountain Frame - Silver, 48",FR-M21S-48,Silver,264.05,144.5938,Components,Mountain Frames
920,"LL Mountain Frame - Silver, 52",FR-M21S-52,Silver,264.05,144.5938,Components,Mountain Frames
921,Mountain Tire Tube,TT-M928,,4.99,1.8663,Accessories,Tires and Tubes
922,Road Tire Tube,TT-R982,,3.99,1.4923,Accessories,Tires and Tubes
923,Touring Tire Tube,TT-T092,,4.99,1.8663,Accessories,Tires and Tubes
924,"LL Mountain Frame - Black, 42",FR-M21B-42,Black,249.79,136.785,Components,Mountain Frames
925,"LL Mountain Frame - Black, 44",FR-M21B-44,Black,249.79,136.785,Components,Mountain Frames
926,"LL Mountain Frame - Black, 48",FR-M21B-48,Black,249.79,136.785,Components,Mountain Frames
927,"LL Mountain Frame - Black, 52",FR-M21B-52,Black,249.79,136.785,Components,Mountain Frames
928,LL Mountain Tire,TI-M267,,24.99,9.3463,Accessories,Tires and Tubes
929,ML Mountain Tire,TI-M602,,29.99,11.2163,Accessories,Tires and Tubes
930,HL Mountain Tire,TI-M823,,35.0,13.09,Accessories,Tires and Tubes
931,LL Road Tire,TI-R092,,21.49,8.0373,Accessories,Tires and Tubes
932,ML Road Tire,TI-R628,,24.99,9.3463,Accessories,Tires and Tubes
933,HL Road Tire,TI-R982,,32.6,12.1924,Accessories,Tires and Tubes
934,Touring Tire,TI-T723,,28.99,10.8423,Accessories,Tires and Tubes
935,LL Mountain Pedal,PD-M282,Silver/Black,40.49,17.9776,Components,Pedals
936,ML Mountain Pedal,PD-M340,Silver/Black,62.09,27.568,Components,Pedals
937,HL Mountain Pedal,PD-M562,Silver/Black,80.99,35.9596,Components,Pedals
938,LL Road Pedal,PD-R347,Silver/Black,40.49,17.9776,Components,Pedals
939,ML Road Pedal,PD-R563,Silver/Black,62.09,27.568,Components,Pedals
940,HL Road Pedal,PD-R853,Silver/Black,80.99,35.9596,Components,Pedals
941,Touring Pedal,PD-T852,Silver/Black,80.99,35.9596,Components,Pedals
942,"ML Mountain Frame-W - Silver, 38",FR-M63S-38,Silver,364.09,199.3757,Components,Mountain Frames
943,"LL Mountain Frame - Black, 40",FR-M21B-40,Black,249.79,136.785,Components,Mountain Frames
944,"LL Mountain Frame - Silver, 40",FR-M21S-40,Silver,264.05,144.5938,Components,Mountain Frames
945,Front Derailleur,FD-2342,Silver,91.49,40.6216,Components,Derailleurs
946,LL Touring Handlebars,HB-T721,,46.09,20.464,Components,Handlebars
947,HL Touring Handlebars,HB-T928,,91.57,40.6571,Components,Handlebars
948,Front Brakes,FB-9873,Silver,106.5,47.286,Components,Brakes
949,LL Crankset,CS-4759,Black,175.49,77.9176,Components,Cranksets
950,ML Crankset,CS-6583,Black,256.49,113.8816,Components,Cranksets
951,HL Crankset,CS-9183,Black,404.99,179.8156,Components,Cranksets
952,Chain,CH-0234,Silver,20.24,8.9866,Components,Chains
953,"Touring-2000 Blue, 60",BK-T44U-60,Blue,1214.85,755.1508,Bikes,Touring Bikes
954,"Touring-1000 Yellow, 46",BK-T79Y-46,Yellow,2384.07,1481.9379,Bikes,Touring Bikes
955,"Touring-1000 Yellow, 50",BK-T79Y-50,Yellow,2384.07,1481.9379,Bikes,Touring Bikes
956,"Touring-1000 Yellow, 54",BK-T79Y-54,Yellow,2384.07,1481.9379,Bikes,Touring Bikes
957,"Touring-1000 Yellow, 60",BK-T79Y-60,Yellow,2384.07,1481.9379,Bikes,Touring Bikes
958,"Touring-3000 Blue, 54",BK-T18U-54,Blue,742.35,461.4448,Bikes,Touring Bikes
959,"Touring-3000 Blue, 58",BK-T18U-58,Blue,742.35,461.4448,Bikes,Touring Bikes
960,"Touring-3000 Blue, 62",BK-T18U-62,Blue,742.35,461.4448,Bikes,Touring Bikes
961,"Touring-3000 Yellow, 44",BK-T18Y-44,Yellow,742.35,461.4448,Bikes,Touring Bikes
962,"Touring-3000 Yellow, 50",BK-T18Y-50,Yellow,742.35,461.4448,Bikes,Touring Bikes
963,"Touring-3000 Yellow, 54",BK-T18Y-54,Yellow,742.35,461.4448,Bikes,Touring Bikes
964,"Touring-3000 Yellow, 58",BK-T18Y-58,Yellow,742.35,461.4448,Bikes,Touring Bikes
965,"Touring-3000 Yellow, 62",BK-T18Y-62,Yellow,742.35,461.4448,Bikes,Touring Bikes
966,"Touring-1000 Blue, 46",BK-T79U-46,Blue,2384.07,1481.9379,Bikes,Touring Bikes
967,"Touring-1000 Blue, 50",BK-T79U-50,Blue,2384.07,1481.9379,Bikes,Touring Bikes
968,"Touring-1000 Blue, 54",BK-T79U-54,Blue,2384.07,1481.9379,Bikes,Touring Bikes
969,"Touring-1000 Blue, 60",BK-T79U-60,Blue,2384.07,1481.9379,Bikes,Touring Bikes
970,"Touring-2000 Blue, 46",BK-T44U-46,Blue,1214.85,755.1508,Bikes,Touring Bikes
971,"Touring-2000 Blue, 50",BK-T44U-50,Blue,1214.85,755.1508,Bikes,Touring Bikes
972,"Touring-2000 Blue, 54",BK-T44U-54,Blue,1214.85,755.1508,Bikes,Touring Bikes
973,"Road-350-W Yellow, 40",BK-R79Y-40,Yellow,1700.99,1082.51,Bikes,Road Bikes
974,"Road-350-W Yellow, 42",BK-R79Y-42,Yellow,1700.99,1082.51,Bikes,Road Bikes
975,"Road-350-W Yellow, 44",BK-R79Y-44,Yellow,1700.99,1082.51,Bikes,Road Bikes
976,"Road-350-W Yellow, 48",BK-R79Y-48,Yellow,1700.99,1082.51,Bikes,Road Bikes
977,"Road-750 Black, 58",BK-R19B-58,Black,539.99,343.6496,Bikes,Road Bikes
978,"Touring-3000 Blue, 44",BK-T18U-44,Blue,742.35,461.4448,Bikes,Touring Bikes
979,"Touring-3000 Blue, 50",BK-T18U-50,Blue,742.35,461.4448,Bikes,Touring Bikes
980,"Mountain-400-W Silver, 38",BK-M38S-38,Silver,769.49,419.7784,Bikes,Mountain Bikes
981,"Mountain-400-W Silver, 40",BK-M38S-40,Silver,769.49,419.7784,Bikes,Mountain Bikes
982,"Mountain-400-W Silver, 42",BK-M38S-42,Silver,769.49,419.7784,Bikes,Mountain Bikes
983,"Mountain-400-W Silver, 46",BK-M38S-46,Silver,769.49,419.7784,Bikes,Mountain Bikes
984,"Mountain-500 Silver, 40",BK-M18S-40,Silver,564.99,308.2179,Bikes,Mountain Bikes
985,"Mountain-500 Silver, 42",BK-M18S-42,Silver,564.99,308.2179,Bikes,Mountain Bikes
986,"Mountain-500 Silver, 44",BK-M18S-44,Silver,564.99,308.2179,Bikes,Mountain Bikes
987,"Mountain-500 Silver, 48",BK-M18S-48,Silver,564.99,308.2179,Bikes,Mountain Bikes
988,"Mountain-500 Silver, 52",BK-M18S-52,Silver,564.99,308.2179,Bikes,Mountain Bikes
989,"Mountain-500 Black, 40",BK-M18B-40,Black,539.99,294.5797,Bikes,Mountain Bikes
990,"Mountain-500 Black, 42",BK-M18B-42,Black,539.99,294.5797,Bikes,Mountain Bikes
991,"Mountain-500 Black, 44",BK-M18B-44,Black,539.99,294.5797,Bikes,Mountain Bikes
992,"Mountain-500 Black, 48",BK-M18B-48,Black,539.99,294.5797,Bikes,Mountain Bikes
993,"Mountain-500 Black, 52",BK-M18B-52,Black,539.99,294.5797,Bikes,Mountain Bikes
994,LL Bottom Bracket,BB-7421,,53.99,23.9716,Components,Bottom Brackets
995,ML Bottom Bracket,BB-8107,,101.24,44.9506,Components,Bottom Brackets
996,HL Bottom Bracket,BB-9108,,121.49,53.9416,Components,Bottom Brackets
997,"Road-750 Black, 44",BK-R19B-44,Black,539.99,343.6496,Bikes,Road Bikes
998,"Road-750 Black, 48",BK-R19B-48,Black,539.99,343.6496,Bikes,Road Bikes
999,"Road-750 Black, 52",BK-R19B-52,Black,539.99,343.6496,Bikes,Road Bikes
